zip,lat,lon,city
35004,33.603543,-86.466833,MOODY
35005,33.578097,-86.987228,ADAMSVILLE
35006,33.437653,-87.207592,ADGER
35007,33.193415,-86.794377,ALABASTER
35010,32.930079,-85.805026,ALEXANDER CITY
35011,32.990191,-85.958001,ALEXANDER CITY
35013,33.922162,-86.449262,ALLGOOD
35014,33.403969,-86.233878,ALPINE
35015,33.544622,-86.929208,ALTON
35016,34.393855,-86.365403,ARAB
35019,34.265451,-86.712779,BAILEYTON
35020,33.441602,-86.88857,BESSEMER
35021,33.544622,-86.929208,BESSEMER
35022,33.352745,-86.968328,BESSEMER
35023,33.478989,-86.944763,BESSEMER
35031,34.091285,-86.559625,BLOUNTSVILLE
35032,33.256886,-86.338572,BON AIR
35033,33.957886,-87.003767,BREMEN
35034,32.989499,-87.220392,BRENT
35035,33.016616,-86.9598,BRIERFIELD
35036,33.63628,-86.916202,BROOKSIDE
35038,33.804411,-87.202136,BURNWELL
35040,33.138832,-86.725315,CALERA
35041,33.64672,-86.931818,CARDIFF
35042,32.948233,-87.139316,CENTREVILLE
35043,33.298238,-86.656328,CHELSEA
35044,33.245885,-86.364148,CHILDERSBURG
35045,32.856632,-86.652875,CLANTON
35046,32.886365,-86.648931,CLANTON
35048,33.544622,-86.929208,CLAY
35049,33.977816,-86.55985,CLEVELAND
35051,33.232849,-86.554849,COLUMBIANA
35052,33.589518,-86.392283,COOK SPRINGS
35053,34.044614,-87.051404,CRANE HILL
35054,33.529643,-86.300691,CROPWELL
35055,34.111067,-86.853185,CULLMAN
35056,34.196448,-86.895226,CULLMAN
35057,34.087769,-86.944713,CULLMAN
35058,34.209766,-86.752029,CULLMAN
35060,33.558905,-86.929443,DOCENA
35061,33.460807,-86.960864,DOLOMITE
35062,33.735709,-87.054641,DORA
35063,33.827269,-87.027469,EMPIRE
35064,33.475407,-86.925391,FAIRFIELD
35068,33.601739,-86.826491,FULTONDALE
35070,34.005773,-86.74995,GARDEN CITY
35071,33.70615,-86.848289,GARDENDALE
35072,33.058725,-86.079106,GOODWATER
35073,33.659545,-86.801693,GRAYSVILLE
35074,33.202691,-87.118044,GREEN POND
35077,34.034276,-86.841753,HANCEVILLE
35078,33.199274,-86.459291,HARPERSVILLE
35079,33.953352,-86.745469,HAYDEN
35080,33.266341,-86.901975,HELENA
35082,33.116229,-86.138624,HOLLINS
35083,34.152149,-86.791286,HOLLY POND
35085,32.970056,-86.734146,JEMISON
35087,34.272537,-86.576125,JOPPA
35089,32.934298,-86.095801,KELLYTON
35091,33.769928,-86.800573,KIMBERLY
35094,33.51828,-86.584472,LEEDS
35096,33.445821,-86.255605,LINCOLN
35097,33.904975,-86.626094,LOCUST FORK
35098,34.137678,-87.026554,LOGAN
35111,33.299704,-87.048881,MC CALLA
35112,33.695814,-86.46564,MARGARET
35114,33.337916,-86.733796,MAYLENE
35115,33.136658,-86.883586,MONTEVALLO
35116,33.727106,-86.763967,MORRIS
35117,33.637322,-86.875181,MOUNT OLIVE
35118,33.536339,-87.051031,MULGA
35119,33.650832,-86.769698,NEW CASTLE
35120,33.657096,-86.38336,ODENVILLE
35121,33.968171,-86.5535,ONEONTA
35123,33.544622,-86.929208,PALMERDALE
35124,33.293157,-86.767961,PELHAM
35125,33.592484,-86.325995,PELL CITY
35126,33.72988,-86.645081,PINSON
35127,33.549138,-86.884204,PLEASANT GROVE
35128,33.587299,-86.336607,PELL CITY
35130,33.721814,-87.124359,QUINTON
35131,33.715229,-86.24746,RAGLAND
35133,33.845846,-86.586724,REMLAP
35135,33.622079,-86.221589,RIVERSIDE
35136,32.897085,-86.156068,ROCKFORD
35137,33.206302,-86.781162,SAGINAW
35139,33.711096,-86.975856,SAYRE
35142,33.406869,-86.87347,SHANNON
35143,33.080188,-86.550392,SHELBY
35144,33.28241,-86.683891,SILURIA
35146,33.705871,-86.403202,SPRINGVILLE
35147,33.419068,-86.544426,STERRETT
35148,33.757716,-87.0461,SUMITON
35149,33.272776,-86.204925,SYCAMORE
35150,33.316003,-86.228703,SYLACAUGA
35151,33.175552,-86.357359,SYLACAUGA
35160,33.387375,-86.144681,TALLADEGA
35161,33.420206,-86.102782,TALLADEGA
35171,32.893156,-86.756368,THORSBY
35172,33.810179,-86.724855,TRAFFORD
35173,33.646334,-86.58589,TRUSSVILLE
35175,34.433986,-86.501338,UNION GROVE
35176,33.464255,-86.509972,VANDIVER
35178,33.309634,-86.5613,VINCENT
35179,34.258747,-86.925471,VINEMONT
35180,33.790134,-86.829871,WARRIOR
35181,33.544622,-86.929208,WATSON
35182,33.706786,-86.256658,WATTSVILLE
35183,33.06767,-86.303403,WEOGUFKA
35184,33.102111,-87.141467,WEST BLOCTON
35185,33.335629,-86.543692,WESTOVER
35186,33.285635,-86.496647,WILSONVILLE
35187,33.08104,-86.879328,WILTON
35188,33.17994,-87.165935,WOODSTOCK
35201,33.456412,-86.801904,BIRMINGHAM
35202,33.544622,-86.929208,BIRMINGHAM
35203,33.519204,-86.807889,BIRMINGHAM
35204,33.524455,-86.837898,BIRMINGHAM
35205,33.569398,-86.782584,BIRMINGHAM
35206,33.566137,-86.705192,BIRMINGHAM
35207,33.572576,-86.837341,BIRMINGHAM
35208,33.498055,-86.879941,BIRMINGHAM
35209,33.465336,-86.808213,BIRMINGHAM
35210,33.579661,-86.734969,BIRMINGHAM
35211,33.45717,-86.864909,BIRMINGHAM
35212,33.547803,-86.749538,BIRMINGHAM
35213,33.455408,-86.749588,BIRMINGHAM
35214,33.575142,-86.905859,BIRMINGHAM
35215,33.542055,-86.80604,BIRMINGHAM
35216,33.56014,-86.78134,BIRMINGHAM
35217,33.56076,-86.856553,BIRMINGHAM
35218,33.506305,-86.895191,BIRMINGHAM
35219,33.544622,-86.929208,BIRMINGHAM
35220,33.544622,-86.929208,BIRMINGHAM
35221,33.453807,-86.898341,BIRMINGHAM
35222,33.523204,-86.763788,BIRMINGHAM
35223,33.499513,-86.726838,BIRMINGHAM
35224,33.521455,-86.974735,BIRMINGHAM
35225,33.544622,-86.929208,BIRMINGHAM
35226,33.396723,-86.834563,BIRMINGHAM
35228,33.455807,-86.911841,BIRMINGHAM
35229,33.462856,-86.790389,BIRMINGHAM
35230,33.544622,-86.929208,BIRMINGHAM
35231,33.544622,-86.929208,BIRMINGHAM
35232,33.544622,-86.929208,BIRMINGHAM
35233,33.508205,-86.802339,BIRMINGHAM
35234,33.513505,-86.83244,BIRMINGHAM
35235,33.632816,-86.649293,BIRMINGHAM
35236,33.544622,-86.929208,BIRMINGHAM
35237,33.544622,-86.929208,BIRMINGHAM
35238,33.544622,-86.929208,BIRMINGHAM
35240,33.425892,-86.776926,BIRMINGHAM
35242,33.381339,-86.704571,BIRMINGHAM
35243,33.445932,-86.750203,BIRMINGHAM
35244,33.351944,-86.949784,BIRMINGHAM
35245,33.544622,-86.929208,BIRMINGHAM
35246,33.544622,-86.929208,BIRMINGHAM
35249,33.544622,-86.929208,BIRMINGHAM
35253,33.544622,-86.929208,BIRMINGHAM
35254,33.544622,-86.929208,BIRMINGHAM
35255,33.544622,-86.929208,BIRMINGHAM
35259,33.544622,-86.929208,BIRMINGHAM
35260,33.544622,-86.929208,BIRMINGHAM
35261,33.544622,-86.929208,BIRMINGHAM
35263,33.522505,-86.80939,BIRMINGHAM
35266,33.372861,-86.853075,BIRMINGHAM
35277,33.544622,-86.929208,BIRMINGHAM
35278,33.544622,-86.929208,BIRMINGHAM
35279,33.544622,-86.929208,BIRMINGHAM
35280,33.544622,-86.929208,BIRMINGHAM
35281,33.544622,-86.929208,BIRMINGHAM
35282,33.544622,-86.929208,BIRMINGHAM
35283,33.544622,-86.929208,BIRMINGHAM
35285,33.544622,-86.929208,BIRMINGHAM
35286,33.544622,-86.929208,BIRMINGHAM
35287,33.544622,-86.929208,BIRMINGHAM
35288,33.445808,-86.928542,BIRMINGHAM
35289,33.544622,-86.929208,BIRMINGHAM
35290,33.544622,-86.929208,BIRMINGHAM
35291,33.544622,-86.929208,BIRMINGHAM
35292,33.544622,-86.929208,BIRMINGHAM
35293,33.544622,-86.929208,BIRMINGHAM
35294,33.544622,-86.929208,BIRMINGHAM
35295,33.544622,-86.929208,BIRMINGHAM
35296,33.544622,-86.929208,BIRMINGHAM
35297,33.544622,-86.929208,BIRMINGHAM
35298,33.544622,-86.929208,BIRMINGHAM
35299,33.544622,-86.929208,BIRMINGHAM
35401,33.241899,-87.597599,TUSCALOOSA
35402,33.306606,-87.453224,TUSCALOOSA
35403,33.20445,-87.526953,TUSCALOOSA
35404,33.182563,-87.482744,TUSCALOOSA
35405,33.10407,-87.518144,TUSCALOOSA
35406,33.335596,-87.533495,TUSCALOOSA
35407,33.306606,-87.453224,TUSCALOOSA
35440,33.311014,-87.18975,ABERNANT
35441,32.855347,-87.721868,AKRON
35442,33.236962,-88.061517,ALICEVILLE
35443,32.737366,-87.967724,BOLIGEE
35444,33.333139,-87.277818,BROOKWOOD
35446,33.230568,-87.754733,BUHL
35447,33.289682,-88.117113,CARROLLTON
35448,32.835692,-87.956884,CLINTON
35449,33.135876,-87.338369,COALING
35452,33.293358,-87.688789,COKER
35453,33.18178,-87.383843,COTTONDALE
35456,33.072735,-87.432921,DUNCANVILLE
35457,33.294004,-87.776584,ECHOLA
35458,33.367757,-87.801689,ELROD
35459,32.621168,-88.285932,EMELLE
35460,32.672049,-88.120605,EPES
35461,33.413277,-88.209276,ETHELSVILLE
35462,32.836298,-87.893016,EUTAW
35463,33.084337,-87.697507,FOSTERS
35464,32.778274,-88.145715,GAINESVILLE
35466,33.290717,-87.875835,GORDO
35468,33.306606,-87.453224,KELLERMAN
35469,32.835692,-87.956884,KNOXVILLE
35470,32.571432,-88.133322,LIVINGSTON
35471,33.262603,-88.088514,MC SHAN
35473,33.347539,-87.537152,NORTHPORT
35474,32.910756,-87.593514,MOUNDVILLE
35475,33.39924,-87.559894,NORTHPORT
35476,33.356502,-87.538006,NORTHPORT
35477,32.872597,-88.237388,PANOLA
35478,33.306606,-87.453224,PETERSON
35480,33.127407,-87.762393,RALPH
35481,33.314928,-88.042923,REFORM
35482,33.306606,-87.453224,SAMANTHA
35485,33.306606,-87.453224,TUSCALOOSA
35486,33.272662,-87.793794,TUSCALOOSA
35487,33.307222,-87.585902,TUSCALOOSA
35490,33.226133,-87.225842,VANCE
35491,32.835692,-87.956884,WEST GREENE
35501,33.796234,-87.316923,JASPER
35502,33.901993,-87.293888,JASPER
35503,33.915182,-87.307386,JASPER
35504,33.818309,-87.235474,JASPER
35540,34.229897,-87.358538,ADDISON
35541,34.095345,-87.188237,ARLEY
35542,33.712675,-87.774117,BANKSTON
35543,34.16493,-87.739592,BEAR CREEK
35544,33.950211,-88.018981,BEAVERTON
35545,33.645228,-87.923872,BELK
35546,33.634468,-87.676862,BERRY
35548,34.038126,-87.75667,BRILLIANT
35549,33.772696,-87.455456,CARBON HILL
35550,33.740956,-87.225644,CORDOVA
35551,34.145939,-87.373241,DELMAR
35552,34.025325,-88.153299,DETROIT
35553,34.121357,-87.360437,DOUBLE SPRINGS
35554,33.92856,-87.613508,ELDRIDGE
35555,33.72005,-87.809908,FAYETTE
35559,33.889566,-87.696401,GLEN ALLEN
35560,33.679503,-87.237372,GOODSPRINGS
35563,34.078901,-87.813808,GUIN
35564,34.122514,-87.828236,HACKLEBURG
35565,34.179569,-87.505293,HALEYVILLE
35570,34.167583,-87.994648,HAMILTON
35571,34.373392,-87.946916,HODGES
35572,34.188775,-87.2786,HOUSTON
35573,33.92169,-87.524264,KANSAS
35574,33.615308,-87.99477,KENNEDY
35575,34.049571,-87.552646,LYNN
35576,33.606342,-88.131425,MILLPORT
35577,34.093409,-87.600815,NATURAL BRIDGE
35578,33.885529,-87.469627,NAUVOO
35579,33.664909,-87.376844,OAKMAN
35580,33.713348,-87.298601,PARRISH
35581,34.390917,-87.859392,PHIL CAMPBELL
35582,34.453468,-88.067792,RED BAY
35584,33.820144,-87.077898,SIPSEY
35585,34.424572,-87.81446,SPRUCE PINE
35586,33.854224,-88.10667,SULLIGENT
35587,33.793322,-87.440648,TOWNLEY
35592,33.732286,-88.086009,VERNON
35593,34.404307,-87.954816,VINA
35594,34.062,-87.814078,WINFIELD
35601,34.549833,-86.995551,DECATUR
35602,34.606216,-87.088142,DECATUR
35603,34.53832,-86.96556,DECATUR
35609,34.495365,-86.82993,DECATUR
35610,34.942388,-87.273375,ANDERSON
35611,34.764976,-87.103488,ATHENS
35612,34.774907,-87.030479,ATHENS
35613,34.831704,-86.886679,ATHENS
35614,34.847364,-87.060696,ATHENS
35615,34.774907,-87.030479,BELLE MINA
35616,34.733866,-87.90624,CHEROKEE
35617,34.869964,-87.706859,CLOVERDALE
35618,34.673954,-87.28962,COURTLAND
35619,34.459389,-87.054151,DANVILLE
35620,34.899993,-86.972554,ELKMONT
35621,34.367528,-86.73641,EVA
35622,34.361909,-86.899143,FALKVILLE
35630,34.869601,-87.686915,FLORENCE
35631,34.869964,-87.706859,FLORENCE
35632,34.869964,-87.706859,FLORENCE
35633,34.880706,-87.742362,FLORENCE
35634,34.900446,-87.794596,FLORENCE
35640,34.491606,-86.934715,HARTSELLE
35643,34.635459,-87.267871,HILLSBORO
35645,34.907715,-87.50135,KILLEN
35646,34.677233,-87.53399,LEIGHTON
35647,34.959647,-87.100579,LESTER
35648,34.944077,-87.365663,LEXINGTON
35649,34.625877,-86.874641,MOORESVILLE
35650,34.492894,-87.299281,MOULTON
35651,34.47926,-87.476911,MOUNT HOPE
35652,34.844868,-87.321426,ROGERSVILLE
35653,34.444903,-87.854726,RUSSELLVILLE
35654,34.46752,-87.647762,RUSSELLVILLE
35660,34.691165,-87.710054,SHEFFIELD
35661,34.758537,-87.70004,MUSCLE SHOALS
35662,34.757152,-87.966575,MUSCLE SHOALS
35670,34.436256,-86.729737,SOMERVILLE
35671,34.679634,-86.962519,TANNER
35672,34.633251,-87.418659,TOWN CREEK
35673,34.591393,-87.078896,TRINITY
35674,34.66604,-87.749232,TUSCUMBIA
35677,34.925311,-87.991142,WATERLOO
35699,34.495365,-86.82993,DECATUR
35739,34.961697,-86.844257,ARDMORE
35740,34.799983,-85.803464,BRIDGEPORT
35741,34.719303,-86.475425,BROWNSBORO
35742,34.774907,-87.030479,CAPSHAW
35744,34.60335,-85.911106,DUTTON
35745,34.925315,-86.190432,ESTILLFORK
35746,34.75343,-85.98022,FACKLER
35747,34.41847,-86.289976,GRANT
35748,34.722737,-86.40353,GURLEY
35749,34.829768,-86.703349,HARVEST
35750,34.937132,-86.581015,HAZEL GREEN
35751,34.79549,-86.274287,HOLLYTREE
35752,34.807443,-85.887684,HOLLYWOOD
35754,34.50544,-86.62488,LACEYS SPRING
35755,34.733585,-86.020239,LANGSTON
35756,34.651409,-86.754233,MADISON
35757,34.778246,-86.744163,MADISON
35758,34.710815,-86.742478,MADISON
35759,34.88186,-86.555622,MERIDIANVILLE
35760,34.56112,-86.385064,NEW HOPE
35761,34.893332,-86.452042,NEW MARKET
35762,34.733964,-86.522913,NORMAL
35763,34.724161,-86.464438,OWENS CROSS ROADS
35764,34.703063,-86.306794,PAINT ROCK
35765,34.669329,-86.016699,PISGAH
35766,34.871329,-86.251275,PRINCETON
35767,34.733964,-86.522913,RYLAND
35768,34.750724,-86.142151,SCOTTSBORO
35769,34.617951,-86.056162,SCOTTSBORO
35771,34.671536,-85.958355,SECTION
35772,34.856233,-85.871317,STEVENSON
35773,34.904492,-86.681104,TONEY
35774,34.717551,-86.073788,TRENTON
35775,34.541985,-86.687136,VALHERMOSO SPRINGS
35776,34.746425,-86.076117,WOODVILLE
35801,34.718428,-86.556439,HUNTSVILLE
35802,34.660866,-86.560608,HUNTSVILLE
35803,34.58639,-86.536754,HUNTSVILLE
35804,34.728366,-86.585312,HUNTSVILLE
35805,34.702327,-86.628864,HUNTSVILLE
35806,34.76184,-86.686994,HUNTSVILLE
35807,34.733964,-86.522913,HUNTSVILLE
35808,34.677627,-86.612147,HUNTSVILLE
35809,34.733964,-86.522913,HUNTSVILLE
35810,34.797685,-86.593583,HUNTSVILLE
35811,34.791497,-86.513152,HUNTSVILLE
35812,34.733964,-86.522913,HUNTSVILLE
35813,34.733964,-86.522913,HUNTSVILLE
35814,34.733964,-86.522913,HUNTSVILLE
35815,34.733964,-86.522913,HUNTSVILLE
35816,34.753078,-86.628643,HUNTSVILLE
35824,34.645603,-86.752294,HUNTSVILLE
35893,34.733964,-86.522913,HUNTSVILLE
35894,34.733964,-86.522913,HUNTSVILLE
35895,34.733964,-86.522913,HUNTSVILLE
35896,34.733964,-86.522913,HUNTSVILLE
35897,34.733964,-86.522913,HUNTSVILLE
35898,34.733964,-86.522913,HUNTSVILLE
35899,34.733898,-86.645592,HUNTSVILLE
35901,34.024285,-86.074145,GADSDEN
35902,33.984062,-85.803434,GADSDEN
35903,33.984547,-85.907668,GADSDEN
35904,34.05744,-86.107869,GADSDEN
35905,33.93523,-85.957593,GADSDEN
35906,34.033764,-86.085173,RAINBOW CITY
35907,33.959647,-85.973173,GADSDEN
35950,34.314291,-86.242033,ALBERTVILLE
35951,34.322334,-86.193529,ALBERTVILLE
35952,34.07097,-86.209599,ALTOONA
35953,33.785173,-86.216884,ASHVILLE
35954,34.051848,-86.061397,ATTALLA
35956,34.267,-86.166021,BOAZ
35957,34.280737,-86.229092,BOAZ
35958,34.917606,-85.64924,BRYANT
35959,34.359072,-85.611793,CEDAR BLUFF
35960,34.110859,-85.590218,CENTRE
35961,34.337295,-85.85769,COLLINSVILLE
35962,34.302028,-86.004164,CROSSVILLE
35963,34.359123,-85.923978,DAWSON
35964,34.34962,-86.319824,DOUGLAS
35966,34.803085,-85.720245,FLAT ROCK
35967,34.417112,-85.828068,FORT PAYNE
35968,34.507242,-85.797851,FORT PAYNE
35971,34.43038,-85.898669,FYFFE
35972,34.00233,-86.224672,GALLANT
35973,34.373726,-85.557307,GAYLESVILLE
35974,34.359204,-86.02397,GERALDINE
35975,34.435197,-86.038915,GROVEOAK
35976,34.344851,-86.27518,GUNTERSVILLE
35978,34.600393,-85.730615,HENAGAR
35979,34.839084,-85.619582,HIGDON
35980,34.209898,-86.343937,HORTON
35981,34.719358,-85.658943,IDER
35983,34.144013,-85.748018,LEESBURG
35984,34.556856,-85.578584,MENTONE
35986,34.419163,-85.761585,RAINSVILLE
35987,33.916778,-86.243593,STEELE
35988,34.570198,-85.729289,SYLVANIA
35989,34.4879,-85.689133,VALLEY HEAD
35990,34.056618,-86.275434,WALNUT GROVE
36003,32.450328,-86.721712,AUTAUGAVILLE
36005,31.839131,-85.928538,BANKS
36006,32.576407,-86.711472,BILLINGSLEY
36008,32.501649,-86.572711,BOOTH
36009,31.560143,-86.327501,BRANTLEY
36010,31.713427,-85.816261,BRUNDIDGE
36013,32.310624,-86.186132,CECIL
36015,31.642713,-86.734317,CHAPMAN
36016,31.805322,-85.421299,CLAYTON
36017,31.749142,-85.561944,CLIO
36020,32.505625,-86.332245,COOSADA
36022,32.614355,-86.35842,DEATSVILLE
36023,32.800155,-85.803427,EAST TALLASSEE
36024,32.645178,-86.036529,ECLECTIC
36025,32.632954,-86.134553,ELMORE
36026,32.77522,-86.1216,EQUALITY
36027,31.914745,-85.389969,EUFAULA
36028,31.518541,-86.354365,DOZIER
36029,32.092808,-85.704649,FITZPATRICK
36030,31.850138,-86.837211,FOREST HOME
36031,32.250651,-85.752417,FORT DAVIS
36032,32.01285,-86.608238,FORT DEPOSIT
36033,31.624666,-86.634844,GEORGIANA
36034,31.611203,-86.167727,GLENWOOD
36035,31.810302,-86.092603,GOSHEN
36036,32.011697,-86.166847,GRADY
36037,31.796729,-86.596233,GREENVILLE
36038,31.260882,-86.444833,GANTT
36039,32.293879,-85.813517,HARDAWAY
36040,32.152198,-86.597157,HAYNEVILLE
36041,31.945789,-86.306248,HIGHLAND HOME
36042,31.871334,-86.405406,HONORAVILLE
36043,32.206441,-86.380464,HOPE HULL
36045,32.587631,-86.132981,KENT
36046,32.081409,-86.356906,LAPINE
36047,32.072616,-86.510331,LETOHATCHEE
36048,31.785579,-85.551104,LOUISVILLE
36049,31.754655,-86.291595,LUVERNE
36051,32.601807,-86.516424,MARBURY
36052,32.239196,-86.036354,MATHEWS
36053,32.092808,-85.704649,MIDWAY
36054,32.584717,-86.225602,MILLBROOK
36057,32.233377,-86.208528,MOUNT MEIGS
36061,32.092808,-85.704649,PEROTE
36062,31.74589,-86.323949,PETREY
36064,32.296092,-86.09259,PIKE ROAD
36065,32.072585,-86.060586,PINE LEVEL
36066,32.50919,-86.440879,PRATTVILLE
36067,32.540642,-86.658347,PRATTVILLE
36068,32.507893,-86.666272,PRATTVILLE
36069,32.089321,-86.174619,RAMER
36071,31.706155,-86.371489,RUTLEDGE
36072,31.826055,-85.166028,EUFAULA
36075,32.383939,-85.910123,SHORTER
36078,32.594995,-85.985078,TALLASSEE
36079,31.802786,-85.954983,TROY
36080,32.700393,-86.257604,TITUS
36081,31.869128,-85.966268,TROY
36082,31.816474,-85.964713,TROY
36083,32.372144,-85.66671,TUSKEGEE
36087,32.40926,-85.738032,TUSKEGEE INSTITUTE
36088,32.414501,-85.72525,TUSKEGEE INSTITUTE
36089,32.142191,-85.742406,UNION SPRINGS
36091,32.776052,-86.644088,VERBENA
36092,32.592659,-86.215304,WETUMPKA
36093,32.562179,-86.099371,WETUMPKA
36101,32.356988,-86.257817,MONTGOMERY
36102,32.233377,-86.208528,MONTGOMERY
36103,32.346158,-86.287316,MONTGOMERY
36104,32.373788,-86.289182,MONTGOMERY
36105,32.22558,-86.290586,MONTGOMERY
36106,32.353338,-86.257517,MONTGOMERY
36107,32.380587,-86.280718,MONTGOMERY
36108,32.340688,-86.37382,MONTGOMERY
36109,32.390547,-86.239667,MONTGOMERY
36110,32.441374,-86.253327,MONTGOMERY
36111,32.342438,-86.267317,MONTGOMERY
36112,32.374287,-86.345719,MONTGOMERY
36113,32.384587,-86.303868,MONTGOMERY
36114,32.403987,-86.253867,MONTGOMERY
36115,32.407587,-86.247417,MONTGOMERY
36116,32.285501,-86.228765,MONTGOMERY
36117,32.370048,-86.116486,MONTGOMERY
36118,32.233377,-86.208528,MONTGOMERY
36119,32.233377,-86.208528,MONTGOMERY
36120,32.233377,-86.208528,MONTGOMERY
36121,32.233377,-86.208528,MONTGOMERY
36123,32.233377,-86.208528,MONTGOMERY
36124,32.233377,-86.208528,MONTGOMERY
36125,32.233377,-86.208528,MONTGOMERY
36130,32.233377,-86.208528,MONTGOMERY
36131,32.233377,-86.208528,MONTGOMERY
36132,32.233377,-86.208528,MONTGOMERY
36133,32.233377,-86.208528,MONTGOMERY
36134,32.233377,-86.208528,MONTGOMERY
36135,32.233377,-86.208528,MONTGOMERY
36140,32.233377,-86.208528,MONTGOMERY
36141,32.233377,-86.208528,MONTGOMERY
36142,32.233377,-86.208528,MONTGOMERY
36177,32.233377,-86.208528,MONTGOMERY
36191,32.233377,-86.208528,MONTGOMERY
36201,33.759768,-85.792328,ANNISTON
36202,33.762195,-85.837828,ANNISTON
36203,33.725908,-85.899397,ANNISTON
36204,33.762195,-85.837828,ANNISTON
36205,33.735842,-85.793257,ANNISTON
36206,33.806783,-85.759952,ANNISTON
36207,33.720373,-85.753344,ANNISTON
36250,33.780861,-85.904456,ALEXANDRIA
36251,33.234539,-85.847477,ASHLAND
36253,33.762195,-85.837828,BYNUM
36254,33.657349,-85.699116,CHOCCOLOCCO
36255,33.193639,-85.745014,CRAGFORD
36256,33.022741,-85.696391,DAVISTON
36257,33.762195,-85.837828,DE ARMANVILLE
36258,33.418514,-85.711041,DELTA
36260,33.640094,-85.991753,EASTABOGA
36261,33.706595,-85.509902,EDWARDSVILLE
36262,33.779335,-85.463112,FRUITHURST
36263,33.456308,-85.369167,GRAHAM
36264,33.627166,-85.502022,HEFLIN
36265,33.853627,-85.758295,JACKSONVILLE
36266,33.340127,-85.789238,LINEVILLE
36267,33.18082,-85.941752,MILLERVILLE
36268,33.486183,-85.920854,MUNFORD
36269,33.729152,-85.394198,MUSCADINE
36270,33.42978,-85.468493,NEWELL
36271,33.807215,-85.905573,OHATCHEE
36272,33.827328,-85.795257,PIEDMONT
36273,33.565683,-85.38201,RANBURNE
36274,33.216876,-85.405707,ROANOKE
36275,33.977829,-85.552143,SPRING GARDEN
36276,33.207578,-85.480892,WADLEY
36277,33.81408,-85.835693,WEAVER
36278,33.318053,-85.498377,WEDOWEE
36279,33.866182,-85.87097,WELLINGTON
36280,33.351626,-85.372497,WOODLAND
36301,31.148124,-85.371845,DOTHAN
36302,31.156018,-85.355931,DOTHAN
36303,31.160148,-85.322984,DOTHAN
36304,31.156018,-85.355931,DOTHAN
36305,31.219697,-85.4828,DOTHAN
36310,31.559402,-85.222965,ABBEVILLE
36311,31.455485,-85.633907,ARITON
36312,31.189627,-85.262314,ASHFORD
36313,31.150094,-85.813687,BELLWOOD
36314,31.096354,-85.83934,BLACK
36316,31.176749,-85.813483,CHANCELLOR
36317,31.407872,-85.603458,CLOPTON
36318,31.149764,-85.946093,COFFEE SPRINGS
36319,31.22514,-85.171875,COLUMBIA
36320,31.099623,-85.314295,COTTONWOOD
36321,31.202473,-85.301373,COWARTS
36322,31.272415,-85.705129,DALEVILLE
36323,31.407434,-86.083517,ELBA
36330,31.315846,-85.942956,ENTERPRISE
36331,31.297817,-85.90364,ENTERPRISE
36340,31.053473,-85.784393,GENEVA
36343,31.080374,-85.168005,GORDON
36344,31.105822,-85.690252,HARTFORD
36345,31.357917,-85.30124,HEADLAND
36346,31.565157,-85.970956,JACK
36349,31.121244,-85.559235,MALVERN
36350,31.33494,-85.511331,MIDLAND CITY
36351,31.398322,-85.927933,NEW BROCKTON
36352,31.352897,-85.659319,NEWTON
36353,31.411109,-85.366472,NEWVILLE
36360,31.450171,-85.65182,OZARK
36361,31.407872,-85.603458,OZARK
36362,31.327347,-85.737811,FORT RUCKER
36370,31.14031,-85.157345,PANSEY
36371,31.307446,-85.52633,PINCKARD
36373,31.501042,-85.113506,SHORTERVILLE
36374,31.574779,-85.536957,SKIPPERVILLE
36375,31.137138,-85.564508,SLOCOMB
36376,31.252306,-85.264387,WEBB
36401,31.489241,-87.052004,EVERGREEN
36420,31.304166,-86.386398,ANDALUSIA
36425,31.56779,-87.250028,BEATRICE
36426,31.129427,-87.096126,BREWTON
36427,31.091784,-87.26404,BREWTON
36429,31.466945,-87.044687,BROOKLYN
36431,31.529531,-87.345345,BURNT CORN
36432,31.370941,-86.998104,CASTLEBERRY
36435,31.871803,-87.412893,COY
36436,31.58842,-87.840875,DICKINSON
36439,31.429472,-87.339329,EXCEL
36441,31.060013,-87.199942,FLOMATON
36442,31.019653,-86.329568,FLORALA
36444,31.590428,-87.447935,FRANKLIN
36445,31.522005,-87.381527,FRISCO CITY
36446,31.782639,-87.741085,FULTON
36449,31.529531,-87.345345,GOODWAY
36451,31.704953,-87.801307,GROVE HILL
36453,31.238943,-86.124023,KINSTON
36454,31.466945,-87.044687,LENOX
36455,31.260882,-86.444833,LOCKHART
36456,31.546733,-86.713793,MC KENZIE
36457,31.361214,-87.435279,MEGARGEL
36458,31.514659,-87.408362,MEXIA
36460,31.56713,-87.314222,MONROEVILLE
36461,31.522093,-87.341108,MONROEVILLE
36462,31.529531,-87.345345,MONROEVILLE
36467,31.260401,-86.356208,OPP
36470,31.508073,-87.428429,PERDUE HILL
36471,31.606263,-87.21944,PETERMAN
36473,31.466945,-87.044687,RANGE
36474,31.260882,-86.444833,RED LEVEL
36475,31.371175,-87.298377,REPTON
36476,31.260882,-86.444833,RIVER FALLS
36477,31.07181,-86.113647,SAMSON
36480,31.541789,-87.500236,URIAH
36481,31.808458,-87.316372,VREDENBURGH
36482,31.67448,-87.675884,WHATLEY
36483,31.022268,-86.629331,WING
36501,31.482494,-87.880106,ALMA
36502,31.119972,-87.470001,ATMORE
36503,31.128242,-87.152068,ATMORE
36504,31.015817,-87.497165,ATMORE
36505,30.939368,-88.015868,AXIS
36507,30.763492,-87.756371,BAY MINETTE
36509,30.419006,-88.253643,BAYOU LA BATRE
36511,30.465497,-87.753507,BON SECOUR
36512,30.658865,-88.177975,BUCKS
36513,31.406683,-88.175846,CALVERT
36515,31.58842,-87.840875,CARLTON
36518,31.436682,-88.245363,CHATOM
36521,30.929148,-88.181921,CHUNCHULA
36522,30.798501,-88.273482,CITRONELLE
36523,30.390301,-88.207586,CODEN
36524,31.816246,-88.061865,COFFEEVILLE
36525,30.944616,-88.090905,CREOLA
36526,30.540328,-87.6912,DAPHNE
36527,30.737792,-87.900287,SPANISH FORT
36528,30.254867,-88.1349,DAUPHIN ISLAND
36529,31.406683,-88.175846,DEER PARK
36530,30.412773,-87.549041,ELBERTA
36532,30.562883,-87.810464,FAIRHOPE
36533,30.484131,-87.860613,FAIRHOPE
36535,30.467608,-87.692401,FOLEY
36536,30.42216,-87.706371,FOLEY
36538,31.406683,-88.175846,FRANKVILLE
36539,31.406683,-88.175846,FRUITDALE
36540,31.58842,-87.840875,GAINESTOWN
36541,30.498046,-88.332468,GRAND BAY
36542,30.284936,-87.794246,GULF SHORES
36543,31.216132,-87.461537,HUXFORD
36544,30.479141,-88.232843,IRVINGTON
36545,31.592985,-87.898539,JACKSON
36547,30.265325,-87.629926,GULF SHORES
36548,31.406683,-88.175846,LEROY
36549,30.39736,-87.458796,LILLIAN
36550,31.22896,-87.713373,LITTLE RIVER
36551,30.513519,-87.667604,LOXLEY
36553,31.209178,-88.075266,MC INTOSH
36555,30.427641,-87.796011,MAGNOLIA SPRINGS
36556,31.406683,-88.175846,MALCOLM
36558,31.553004,-88.294124,MILLRY
36559,30.562308,-87.900545,MONTROSE
36560,31.080313,-88.057203,MOUNT VERNON
36561,30.281046,-87.581457,ORANGE BEACH
36562,31.040286,-87.666699,PERDIDO
36564,30.475955,-87.917867,POINT CLEAR
36567,30.749915,-87.577231,ROBERTSDALE
36568,30.49434,-88.269865,SAINT ELMO
36569,31.552362,-88.090115,SAINT STEPHENS
36570,31.58842,-87.840875,SALITPA
36571,30.869984,-88.118401,SARALAND
36572,30.585158,-88.087879,SATSUMA
36574,30.51715,-87.603901,SEMINOLE
36575,30.779545,-88.272544,SEMMES
36576,30.527068,-87.735,SILVERHILL
36577,30.732789,-87.70195,SPANISH FORT
36578,30.85852,-87.728987,STAPLETON
36579,31.079113,-87.798576,STOCKTON
36580,30.468691,-87.703035,SUMMERDALE
36581,31.369572,-88.012236,SUNFLOWER
36582,30.486565,-88.20225,THEODORE
36583,31.406683,-88.175846,TIBBIE
36584,31.213691,-88.393047,VINEGAR BEND
36585,31.406683,-88.175846,WAGARVILLE
36586,31.58842,-87.840875,WALKER SPRINGS
36587,30.812649,-88.318487,WILMER
36590,30.487953,-88.253278,THEODORE
36601,30.701142,-88.103184,MOBILE
36602,30.692389,-88.046698,MOBILE
36603,30.69117,-88.057773,MOBILE
36604,30.684039,-88.067048,MOBILE
36605,30.601842,-88.118975,MOBILE
36606,30.66709,-88.1052,MOBILE
36607,30.788123,-88.088073,MOBILE
36608,30.639867,-88.25445,MOBILE
36609,30.551887,-88.185603,MOBILE
36610,30.7309,-88.078949,MOBILE
36611,30.768787,-88.11085,MOBILE
36612,30.747387,-88.118001,MOBILE
36613,30.769758,-88.196296,EIGHT MILE
36614,30.601892,-88.211103,MOBILE
36615,30.64109,-88.062248,MOBILE
36616,30.671048,-88.126656,MOBILE
36617,30.715588,-88.096,MOBILE
36618,30.681689,-88.149001,MOBILE
36619,30.462987,-88.216493,MOBILE
36621,30.658865,-88.177975,MOBILE
36622,30.658865,-88.177975,MOBILE
36623,30.658865,-88.177975,MOBILE
36625,30.658865,-88.177975,MOBILE
36626,30.658865,-88.177975,MOBILE
36628,30.658865,-88.177975,MOBILE
36630,30.658865,-88.177975,MOBILE
36631,30.658865,-88.177975,MOBILE
36633,30.658865,-88.177975,MOBILE
36640,30.658865,-88.177975,MOBILE
36641,30.658865,-88.177975,MOBILE
36644,30.658865,-88.177975,MOBILE
36652,30.658865,-88.177975,MOBILE
36660,30.658865,-88.177975,MOBILE
36663,30.81901,-88.231726,MOBILE
36670,30.658865,-88.177975,MOBILE
36671,30.658865,-88.177975,MOBILE
36675,30.658865,-88.177975,MOBILE
36685,30.658865,-88.177975,MOBILE
36688,30.696589,-88.173652,MOBILE
36689,30.658865,-88.177975,MOBILE
36690,30.658865,-88.177975,MOBILE
36691,30.658865,-88.177975,MOBILE
36693,30.635741,-88.174502,MOBILE
36695,30.666959,-88.226989,MOBILE
36701,32.43372,-87.055532,SELMA
36702,32.419259,-87.124708,SELMA
36703,32.467164,-86.959844,SELMA
36720,32.145564,-87.354953,ALBERTA
36721,32.048079,-87.26226,ANNEMANIE
36722,32.051214,-87.569778,ARLINGTON
36723,32.082415,-87.294855,BOYKIN
36726,31.998366,-87.351944,CAMDEN
36727,31.58842,-87.840875,CAMPBELL
36728,32.192472,-87.467873,CATHERINE
36732,32.384949,-87.824556,DEMOPOLIS
36736,32.261286,-87.77611,DIXONS MILLS
36738,32.365963,-87.721033,FAUNSDALE
36740,32.610762,-87.844122,FORKLAND
36741,32.006129,-86.981703,FURMAN
36742,32.52418,-87.672092,GALLION
36744,32.699872,-87.586079,GREENSBORO
36745,32.414036,-87.898611,JEFFERSON
36748,32.321943,-87.749847,LINDEN
36749,32.510383,-86.813834,JONES
36750,32.83217,-86.843808,MAPLESVILLE
36751,31.902773,-87.577911,LOWER PEACH TREE
36752,32.294321,-86.647119,LOWNDESBORO
36753,32.048079,-87.26226,MC WILLIAMS
36754,32.129123,-87.706019,MAGNOLIA
36756,32.608995,-87.350401,MARION
36758,32.484147,-87.076236,PLANTERSVILLE
36759,32.388235,-87.26262,MARION JUNCTION
36761,32.189926,-87.063331,MINTER
36762,31.940191,-88.00336,MORVIN
36763,32.251626,-87.949363,MYRTLEWOOD
36764,32.268329,-87.795275,NANAFALIA
36765,32.58819,-87.56625,NEWBERN
36766,31.947005,-87.074497,OAK HILL
36767,32.289861,-87.219864,ORRVILLE
36768,31.932526,-87.044855,PINE APPLE
36769,31.994807,-87.545406,PINE HILL
36773,32.322859,-87.376446,SAFFORD
36775,32.213977,-87.078655,SARDIS
36776,32.755975,-87.705829,SAWYERVILLE
36778,32.01998,-87.054284,SNOW HILL
36779,32.591207,-87.271667,SPROTT
36782,32.131469,-87.83266,SWEET WATER
36783,32.302397,-87.678612,THOMASTON
36784,31.745135,-87.769476,THOMASVILLE
36785,32.323895,-86.86458,TYLER
36786,32.446243,-87.503256,UNIONTOWN
36790,32.723537,-86.875759,STANTON
36792,32.931293,-86.917506,RANDOLPH
36793,32.891444,-86.983385,LAWLEY
36801,32.621147,-85.392878,OPELIKA
36802,32.578185,-85.349003,OPELIKA
36803,32.522567,-85.431517,OPELIKA
36804,32.576792,-85.311984,OPELIKA
36830,32.547542,-85.468222,AUBURN
36831,32.578185,-85.349003,AUBURN
36832,32.592036,-85.518913,AUBURN
36849,32.578185,-85.349003,AUBURN UNIVERSITY
36850,32.808407,-85.703776,CAMP HILL
36851,32.286092,-85.161497,COTTONTON
36852,32.783137,-85.275581,CUSSETA
36853,32.794796,-85.744428,DADEVILLE
36854,32.885631,-85.264695,VALLEY
36855,32.91934,-85.311223,FIVE POINTS
36856,32.296518,-84.997165,FORT MITCHELL
36858,32.295844,-85.292938,HATCHECHUBBEE
36859,32.229846,-85.008178,HOLY TRINITY
36860,32.238147,-85.36233,HURTSBORO
36861,32.900767,-85.822787,JACKSONS GAP
36862,32.912315,-85.388079,LAFAYETTE
36863,32.900173,-85.296659,LANETT
36865,32.578185,-85.349003,LOACHAPOKA
36866,32.536635,-85.697354,NOTASULGA
36867,32.375318,-85.203923,PHENIX CITY
36868,32.464614,-85.020604,PHENIX CITY
36869,32.318701,-85.111997,PHENIX CITY
36870,32.478145,-85.123979,PHENIX CITY
36871,32.166569,-85.165575,PITTSVIEW
36872,32.578185,-85.349003,VALLEY
36874,32.580449,-85.217224,SALEM
36875,32.257831,-85.129772,SEALE
36877,32.558314,-85.091498,SMITHS
36879,32.681539,-85.565954,WAVERLY
36901,32.467134,-88.140634,BELLAMY
36904,32.115939,-88.273598,BUTLER
36906,32.004227,-88.200738,CROMWELL
36907,32.435545,-88.329881,CUBA
36908,31.922384,-88.323669,GILBERTOWN
36910,32.004227,-88.200738,JACHIN
36912,32.233182,-88.321388,LISMAN
36913,32.004227,-88.200738,MELVIN
36915,32.004227,-88.200738,NEEDHAM
36916,32.209362,-88.048983,PENNINGTON
36919,31.947815,-88.32911,SILAS
36921,31.915506,-88.151048,TOXEY
36922,32.210259,-88.065479,WARD
36925,32.444907,-88.193305,YORK